<?xml version="1.0"?>
<PreferenceSettings xmlns:xsd="http://www.w3.org/2001/XMLSchema" xmlns:xsi="http://www.w3.org/2001/XMLSchema-instance">
  <IsFirstRun>false</IsFirstRun>
  <IsUsageReportingApproved>false</IsUsageReportingApproved>
  <IsAnalyticsReportingApproved>true</IsAnalyticsReportingApproved>
  <LibraryWidth>303</LibraryWidth>
  <ConsoleHeight>0</ConsoleHeight>
  <ShowPreviewBubbles>true</ShowPreviewBubbles>
  <ShowConnector>true</ShowConnector>
  <ConnectorType>BEZIER</ConnectorType>
  <BackgroundPreviews>
    <BackgroundPreviewActiveState>
      <Name>IsBackgroundPreviewActive</Name>
      <IsActive>true</IsActive>
    </BackgroundPreviewActiveState>
    <BackgroundPreviewActiveState>
      <Name>IsRevitBackgroundPreviewActive</Name>
      <IsActive>true</IsActive>
    </BackgroundPreviewActiveState>
  </BackgroundPreviews>
  <IsBackgroundGridVisible>true</IsBackgroundGridVisible>
  <ShowEdges>false</ShowEdges>
  <ShowDetailedLayout>true</ShowDetailedLayout>
  <WindowX>953</WindowX>
  <WindowY>0</WindowY>
  <WindowW>974</WindowW>
  <WindowH>1047</WindowH>
  <UseHardwareAcceleration>true</UseHardwareAcceleration>
  <NumberFormat>f3</NumberFormat>
  <MaxNumRecentFiles>10</MaxNumRecentFiles>
  <RecentFiles>
    <string>C:\Users\t_bermm\Desktop\dynamotestest\catcrashed.dyn</string>
    <string>C:\Users\t_bermm\AppData\Roaming\Dynamo\Dynamo Revit\2.0\definitions\Kopfzeile fur TigerStop (ZOLL).dyf</string>
    <string>C:\Users\t_bermm\Desktop\dynamotestest\outed for parts.dyn</string>
    <string>C:\Users\t_bermm\Desktop\dynamotestest\intersections clean.dyn</string>
    <string>C:\Users\t_bermm\Desktop\dynamotestest\cat.dyn</string>
    <string>C:\Users\t_bermm\Desktop\dynamotestest\revitdyna intersectty.dyn</string>
    <string>C:\Users\t_bermm\Desktop\dynamotestest\intersections_0234_try.dyn</string>
    <string>C:\Users\t_bermm\Desktop\dynamotestest\intersections_023.dyn</string>
    <string>C:\Users\t_bermm\Desktop\dynamotestest\intersections_02.dyn</string>
    <string>C:\Users\t_bermm\Documents\cat.dyn</string>
  </RecentFiles>
  <BackupFiles>
    <string>C:\Users\t_bermm\AppData\Roaming\Dynamo\Dynamo Revit\backup\outed for parts.dyn</string>
    <string>C:\Users\t_bermm\AppData\Roaming\Dynamo\Dynamo Revit\backup\Kopfzeile fur TigerStop (ZOLL).dyf</string>
  </BackupFiles>
  <CustomPackageFolders>
    <string>C:\Users\t_bermm\AppData\Roaming\Dynamo\Dynamo Revit\2.0</string>
    <string>C:\Users\t_bermm\source\repos\ClassLibrary1\ClassLibrary1\bin\Debug\ClassLibrary1.dll</string>
    <string>C:\Users\t_bermm\source\repos\ClassLibrary2\ClassLibrary2\bin\Debug\ClassLibrary2.dll</string>
    <string>C:\Users\t_bermm\source\repos\ClassLibrary3\ClassLibrary3\bin\Debug\ClassLibrary3.dll</string>
  </CustomPackageFolders>
  <PackageDirectoriesToUninstall />
  <PythonTemplateFilePath />
  <BackupInterval>60000</BackupInterval>
  <BackupFilesCount>1</BackupFilesCount>
  <PackageDownloadTouAccepted>false</PackageDownloadTouAccepted>
  <OpenFileInManualExecutionMode>false</OpenFileInManualExecutionMode>
  <NamespacesToExcludeFromLibrary>
    <string>ProtoGeometry.dll:Autodesk.DesignScript.Geometry.TSpline</string>
  </NamespacesToExcludeFromLibrary>
</PreferenceSettings>