{"license":"","file_hash":null,"name":"Machina for Dynamo","version":"0.2.7","description":"A Dynamo plugin for Robot programming and control. Source: https://github.com/garciadelcastillo/Machina","group":"","keywords":["robot","programming","control","machina","brobot"],"dependencies":[],"contents":"","engine_version":"1.3.0.875","engine":"dynamo","engine_metadata":"","site_url":"","repository_url":"htps://github.com/garciadelcastillo/BRobot","contains_binaries":true,"node_libraries":["MachinaDynamo, Version=1.0.0.0, Culture=neutral, PublicKeyToken=null"]}