{"license":"","file_hash":null,"name":"Machina","version":"0.5.0","description":"A Dynamo plugin for Robot programming and control. https://github.com/garciadelcastillo/Machina","group":"","keywords":["robot","programming","control","machina","brobot"],"dependencies":[],"contents":"","engine_version":"1.3.0.862","engine":"dynamo","engine_metadata":"","site_url":"","repository_url":"https://github.com/garciadelcastillo/Machina","contains_binaries":true,"node_libraries":["MachinaDynamo, Version=1.0.0.0, Culture=neutral, PublicKeyToken=null"]}